SL	LIVE TITLE	MINISTER NAME	DESIGNATION	MINISTRY	HASHTAG	Keyword	TAG
1	🔴 𝗟𝗜𝗩𝗘 কথা বলছেন স্থানীয় সরকার মন্ত্রী মির্জা ফখরুল ইসলাম আলমগীর	মির্জা ফখরুল ইসলাম আলমগীর	স্থানীয় সরকার মন্ত্রী	স্থানীয় সরকার, পল্লী উন্নয়ন ও সমবায়	#Mirzafakhrullive #breakingnews #channelonelive #channel1	   মির্জা ফখরুল ইসলাম আলমগীর লাইভ | স্থানীয় সরকার মন্ত্রী | স্থানীয় সরকার, পল্লী উন্নয়ন ও সমবায় | সরাসরি নিউজ লাইভ | বাংলাদেশ সংবাদ লাইভ | আজকের খবর লাইভ | ব্রেকিং নিউজ বাংলাদেশ | লাইভ নিউজ আপডেট | Bangladesh News Live Today | Breaking News Live Bangla | Live Broadcast Bangladesh | News Update Live 	মির্জা ফখরুল ইসলাম আলমগীর, স্থানীয় সরকার মন্ত্রী, স্থানীয় সরকার, পল্লী উন্নয়ন ও সমবায়, সরাসরি সম্প্রচার, বাংলাদেশ নিউজ, লাইভ নিউজ, ব্রেকিং নিউজ, আজকের খবর, Live News Bangladesh, Breaking News, Bangla News Live, News Update, Live Broadcast
2	🔴 𝗟𝗜𝗩𝗘 কথা বলছেন অর্থ ও পরিকল্পনা মন্ত্রী আমির খসরু মাহমুদ চৌধুরী	আমির খসরু মাহমুদ চৌধুরী	অর্থ ও পরিকল্পনা মন্ত্রী	অর্থ ও পরিকল্পনা	#AmirkhasruLive #breakingnews #channelonelive #channel1	   আমির খসরু মাহমুদ চৌধুরী লাইভ | অর্থ ও পরিকল্পনা মন্ত্রী | অর্থ ও পরিকল্পনা | সরাসরি নিউজ লাইভ | বাংলাদেশ সংবাদ লাইভ | আজকের খবর লাইভ | ব্রেকিং নিউজ বাংলাদেশ | লাইভ নিউজ আপডেট | Bangladesh News Live Today | Breaking News Live Bangla | Live Broadcast Bangladesh | News Update Live 	আমির খসরু মাহমুদ চৌধুরী, অর্থ ও পরিকল্পনা মন্ত্রী, অর্থ ও পরিকল্পনা, সরাসরি সম্প্রচার, বাংলাদেশ নিউজ, লাইভ নিউজ, ব্রেকিং নিউজ, আজকের খবর, Live News Bangladesh, Breaking News, Bangla News Live, News Update, Live Broadcast
3	🔴 𝗟𝗜𝗩𝗘 কথা বলছেন স্বরাষ্ট্রমন্ত্রী সালাহউদ্দিন আহমেদ	সালাহউদ্দিন আহমেদ	স্বরাষ্ট্রমন্ত্রী	স্বরাষ্ট্র	#SalahuddinAhmedLive #breakingnews #channelonelive #channel1	   সালাহউদ্দিন আহমেদ লাইভ | স্বরাষ্ট্রমন্ত্রী | স্বরাষ্ট্র | সরাসরি নিউজ লাইভ | বাংলাদেশ সংবাদ লাইভ | আজকের খবর লাইভ | ব্রেকিং নিউজ বাংলাদেশ | লাইভ নিউজ আপডেট | Bangladesh News Live Today | Breaking News Live Bangla | Live Broadcast Bangladesh | News Update Live 	সালাহউদ্দিন আহমেদ, স্বরাষ্ট্রমন্ত্রী, স্বরাষ্ট্র, সরাসরি সম্প্রচার, বাংলাদেশ নিউজ, লাইভ নিউজ, ব্রেকিং নিউজ, আজকের খবর, Live News Bangladesh, Breaking News, Bangla News Live, News Update, Live Broadcast
4	🔴 𝗟𝗜𝗩𝗘 কথা বলছেন বিদ্যুৎ, জ্বালানি ও খনিজ সম্পদ মন্ত্রী ইকবাল হাসান মাহমুদ টুকু	ইকবাল হাসান মাহমুদ টুকু	বিদ্যুৎ, জ্বালানি ও খনিজ সম্পদ মন্ত্রী	বিদ্যুৎ, জ্বালানি ও খনিজ সম্পদ	#IqbalHasanMahmudTukuLive #breakingnews #channelonelive #channel1	   ইকবাল হাসান মাহমুদ টুকু লাইভ | বিদ্যুৎ, জ্বালানি ও খনিজ সম্পদ মন্ত্রী | বিদ্যুৎ, জ্বালানি ও খনিজ সম্পদ | সরাসরি নিউজ লাইভ | বাংলাদেশ সংবাদ লাইভ | আজকের খবর লাইভ | ব্রেকিং নিউজ বাংলাদেশ | লাইভ নিউজ আপডেট | Bangladesh News Live Today | Breaking News Live Bangla | Live Broadcast Bangladesh | News Update Live 	ইকবাল হাসান মাহমুদ টুকু, বিদ্যুৎ, জ্বালানি ও খনিজ সম্পদ মন্ত্রী, বিদ্যুৎ, জ্বালানি ও খনিজ সম্পদ, সরাসরি সম্প্রচার, বাংলাদেশ নিউজ, লাইভ নিউজ, ব্রেকিং নিউজ, আজকের খবর, Live News Bangladesh, Breaking News, Bangla News Live, News Update, Live Broadcast
5	🔴 𝗟𝗜𝗩𝗘 কথা বলছেন মুক্তিযুদ্ধ বিষয়ক মন্ত্রী হাফিজউদ্দিন আহমেদ বীর বিক্রম	হাফিজউদ্দিন আহমেদ বীর বিক্রম	মুক্তিযুদ্ধ বিষয়ক মন্ত্রী	মুক্তিযুদ্ধ বিষয়ক	#HafizUddinAhmedLive #breakingnews #channelonelive #channel1	   হাফিজউদ্দিন আহমেদ বীর বিক্রম লাইভ | মুক্তিযুদ্ধ বিষয়ক মন্ত্রী | মুক্তিযুদ্ধ বিষয়ক | সরাসরি নিউজ লাইভ | বাংলাদেশ সংবাদ লাইভ | আজকের খবর লাইভ | ব্রেকিং নিউজ বাংলাদেশ | লাইভ নিউজ আপডেট | Bangladesh News Live Today | Breaking News Live Bangla | Live Broadcast Bangladesh | News Update Live 	হাফিজউদ্দিন আহমেদ বীর বিক্রম, মুক্তিযুদ্ধ বিষয়ক মন্ত্রী, মুক্তিযুদ্ধ বিষয়ক, সরাসরি সম্প্রচার, বাংলাদেশ নিউজ, লাইভ নিউজ, ব্রেকিং নিউজ, আজকের খবর, Live News Bangladesh, Breaking News, Bangla News Live, News Update, Live Broadcast
6	🔴 𝗟𝗜𝗩𝗘 কথা বলছেন সমাজকল্যাণ এবং মহিলা ও শিশু বিষয়ক মন্ত্রী এ জেড এম জাহিদ হোসেন	এ জেড এম জাহিদ হোসেন	সমাজকল্যাণ এবং মহিলা ও শিশু বিষয়ক মন্ত্রী	সমাজকল্যাণ এবং মহিলা ও শিশু বিষয়ক	#AZMZahidHossainLive #breakingnews #channelonelive #channel1	   এ জেড এম জাহিদ হোসেন লাইভ | সমাজকল্যাণ এবং মহিলা ও শিশু বিষয়ক মন্ত্রী | সমাজকল্যাণ এবং মহিলা ও শিশু বিষয়ক | সরাসরি নিউজ লাইভ | বাংলাদেশ সংবাদ লাইভ | আজকের খবর লাইভ | ব্রেকিং নিউজ বাংলাদেশ | লাইভ নিউজ আপডেট | Bangladesh News Live Today | Breaking News Live Bangla | Live Broadcast Bangladesh | News Update Live 	এ জেড এম জাহিদ হোসেন, সমাজকল্যাণ এবং মহিলা ও শিশু বিষয়ক মন্ত্রী, সমাজকল্যাণ এবং মহিলা ও শিশু বিষয়ক, সরাসরি সম্প্রচার, বাংলাদেশ নিউজ, লাইভ নিউজ, ব্রেকিং নিউজ, আজকের খবর, Live News Bangladesh, Breaking News, Bangla News Live, News Update, Live Broadcast
7	🔴 𝗟𝗜𝗩𝗘 কথা বলছেন পরিবেশ, বন ও জলবায়ু পরিবর্তন মন্ত্রী আবদুল আউয়াল মিন্টু	আবদুল আউয়াল মিন্টু	পরিবেশ, বন ও জলবায়ু পরিবর্তন মন্ত্রী	পরিবেশ, বন ও জলবায়ু পরিবর্তন	#AbdulAwalMintuLive #breakingnews #channelonelive #channel1	   আবদুল আউয়াল মিন্টু লাইভ | পরিবেশ, বন ও জলবায়ু পরিবর্তন মন্ত্রী | পরিবেশ, বন ও জলবায়ু পরিবর্তন | সরাসরি নিউজ লাইভ | বাংলাদেশ সংবাদ লাইভ | আজকের খবর লাইভ | ব্রেকিং নিউজ বাংলাদেশ | লাইভ নিউজ আপডেট | Bangladesh News Live Today | Breaking News Live Bangla | Live Broadcast Bangladesh | News Update Live 	আবদুল আউয়াল মিন্টু, পরিবেশ, বন ও জলবায়ু পরিবর্তন মন্ত্রী, পরিবেশ, বন ও জলবায়ু পরিবর্তন, সরাসরি সম্প্রচার, বাংলাদেশ নিউজ, লাইভ নিউজ, ব্রেকিং নিউজ, আজকের খবর, Live News Bangladesh, Breaking News, Bangla News Live, News Update, Live Broadcast
8	🔴 𝗟𝗜𝗩𝗘 কথা বলছেন ধর্ম বিষয়ক মন্ত্রী কাজী শাহ মোফাজ্জল হোসেন কায়কোবাদ	কাজী শাহ মোফাজ্জল হোসেন কায়কোবাদ	ধর্ম বিষয়ক মন্ত্রী	ধর্ম বিষয়ক	#KaziKaykobadLive #breakingnews #channelonelive #channel1	   কাজী শাহ মোফাজ্জল হোসেন কায়কোবাদ লাইভ | ধর্ম বিষয়ক মন্ত্রী | ধর্ম বিষয়ক | সরাসরি নিউজ লাইভ | বাংলাদেশ সংবাদ লাইভ | আজকের খবর লাইভ | ব্রেকিং নিউজ বাংলাদেশ | লাইভ নিউজ আপডেট | Bangladesh News Live Today | Breaking News Live Bangla | Live Broadcast Bangladesh | News Update Live 	কাজী শাহ মোফাজ্জল হোসেন কায়কোবাদ, ধর্ম বিষয়ক মন্ত্রী, ধর্ম বিষয়ক, সরাসরি সম্প্রচার, বাংলাদেশ নিউজ, লাইভ নিউজ, ব্রেকিং নিউজ, আজকের খবর, Live News Bangladesh, Breaking News, Bangla News Live, News Update, Live Broadcast
9	🔴 𝗟𝗜𝗩𝗘 কথা বলছেন ভূমিমন্ত্রী মিজানুর রহমান মিনু	মিজানুর রহমান মিনু	ভূমিমন্ত্রী	ভূমি	#MizanurRahmanMinuLive #breakingnews #channelonelive #channel1	   মিজানুর রহমান মিনু লাইভ | ভূমিমন্ত্রী | ভূমি | সরাসরি নিউজ লাইভ | বাংলাদেশ সংবাদ লাইভ | আজকের খবর লাইভ | ব্রেকিং নিউজ বাংলাদেশ | লাইভ নিউজ আপডেট | Bangladesh News Live Today | Breaking News Live Bangla | Live Broadcast Bangladesh | News Update Live 	মিজানুর রহমান মিনু, ভূমিমন্ত্রী, ভূমি, সরাসরি সম্প্রচার, বাংলাদেশ নিউজ, লাইভ নিউজ, ব্রেকিং নিউজ, আজকের খবর, Live News Bangladesh, Breaking News, Bangla News Live, News Update, Live Broadcast
10	🔴 𝗟𝗜𝗩𝗘 কথা বলছেন সংস্কৃতি বিষয়ক মন্ত্রী নিতাই রায় চৌধুরী	নিতাই রায় চৌধুরী	সংস্কৃতি বিষয়ক মন্ত্রী	সংস্কৃতি বিষয়ক	#NitaiRoyChowdhuryLive #breakingnews #channelonelive #channel1	   নিতাই রায় চৌধুরী লাইভ | সংস্কৃতি বিষয়ক মন্ত্রী | সংস্কৃতি বিষয়ক | সরাসরি নিউজ লাইভ | বাংলাদেশ সংবাদ লাইভ | আজকের খবর লাইভ | ব্রেকিং নিউজ বাংলাদেশ | লাইভ নিউজ আপডেট | Bangladesh News Live Today | Breaking News Live Bangla | Live Broadcast Bangladesh | News Update Live 	নিতাই রায় চৌধুরী, সংস্কৃতি বিষয়ক মন্ত্রী, সংস্কৃতি বিষয়ক, সরাসরি সম্প্রচার, বাংলাদেশ নিউজ, লাইভ নিউজ, ব্রেকিং নিউজ, আজকের খবর, Live News Bangladesh, Breaking News, Bangla News Live, News Update, Live Broadcast
11	🔴 𝗟𝗜𝗩𝗘 কথা বলছেন বাণিজ্য, শিল্প এবং বস্ত্র ও পাট মন্ত্রী খন্দকার আবদুল মুক্তাদির	খন্দকার আবদুল মুক্তাদির	বাণিজ্য, শিল্প এবং বস্ত্র ও পাট মন্ত্রী	বাণিজ্য, শিল্প এবং বস্ত্র ও পাট	#KhandakerAbdulMuktadirLive #breakingnews #channelonelive #channel1	   খন্দকার আবদুল মুক্তাদির লাইভ | বাণিজ্য, শিল্প এবং বস্ত্র ও পাট মন্ত্রী | বাণিজ্য, শিল্প এবং বস্ত্র ও পাট | সরাসরি নিউজ লাইভ | বাংলাদেশ সংবাদ লাইভ | আজকের খবর লাইভ | ব্রেকিং নিউজ বাংলাদেশ | লাইভ নিউজ আপডেট | Bangladesh News Live Today | Breaking News Live Bangla | Live Broadcast Bangladesh | News Update Live 	খন্দকার আবদুল মুক্তাদির, বাণিজ্য, শিল্প এবং বস্ত্র ও পাট মন্ত্রী, বাণিজ্য, শিল্প এবং বস্ত্র ও পাট, সরাসরি সম্প্রচার, বাংলাদেশ নিউজ, লাইভ নিউজ, ব্রেকিং নিউজ, আজকের খবর, Live News Bangladesh, Breaking News, Bangla News Live, News Update, Live Broadcast
12	🔴 𝗟𝗜𝗩𝗘 কথা বলছেন শ্রম ও কর্মসংস্থান এবং প্রবাসী কল্যাণ ও বৈদেশিক কর্মসংস্থান মন্ত্রী আরিফুল হক চৌধুরী	আরিফুল হক চৌধুরী	শ্রম ও কর্মসংস্থান এবং প্রবাসী কল্যাণ ও বৈদেশিক কর্মসংস্থান মন্ত্রী	শ্রম ও কর্মসংস্থান এবং প্রবাসী কল্যাণ ও বৈদেশিক কর্মসংস্থান	#ArifulHaqueChowdhuryLive #breakingnews #channelonelive #channel1	   আরিফুল হক চৌধুরী লাইভ | শ্রম ও কর্মসংস্থান এবং প্রবাসী কল্যাণ ও বৈদেশিক কর্মসংস্থান মন্ত্রী | শ্রম ও কর্মসংস্থান এবং প্রবাসী কল্যাণ ও বৈদেশিক কর্মসংস্থান | সরাসরি নিউজ লাইভ | বাংলাদেশ সংবাদ লাইভ | আজকের খবর লাইভ | ব্রেকিং নিউজ বাংলাদেশ | লাইভ নিউজ আপডেট | Bangladesh News Live Today | Breaking News Live Bangla | Live Broadcast Bangladesh | News Update Live 	আরিফুল হক চৌধুরী, শ্রম ও কর্মসংস্থান এবং প্রবাসী কল্যাণ ও বৈদেশিক কর্মসংস্থান মন্ত্রী, শ্রম ও কর্মসংস্থান এবং প্রবাসী কল্যাণ ও বৈদেশিক কর্মসংস্থান, সরাসরি সম্প্রচার, বাংলাদেশ নিউজ, লাইভ নিউজ, ব্রেকিং নিউজ, আজকের খবর, Live News Bangladesh, Breaking News, Bangla News Live, News Update, Live Broadcast
13	🔴 𝗟𝗜𝗩𝗘 কথা বলছেন বেসামরিক বিমান পরিবহন ও পর্যটন মন্ত্রী আফরোজা খানম রিতা	আফরোজা খানম রিতা	বেসামরিক বিমান পরিবহন ও পর্যটন মন্ত্রী	বেসামরিক বিমান পরিবহন ও পর্যটন	#AfrozaKhanamRitaLive #breakingnews #channelonelive #channel1	   আফরোজা খানম রিতা লাইভ | বেসামরিক বিমান পরিবহন ও পর্যটন মন্ত্রী | বেসামরিক বিমান পরিবহন ও পর্যটন | সরাসরি নিউজ লাইভ | বাংলাদেশ সংবাদ লাইভ | আজকের খবর লাইভ | ব্রেকিং নিউজ বাংলাদেশ | লাইভ নিউজ আপডেট | Bangladesh News Live Today | Breaking News Live Bangla | Live Broadcast Bangladesh | News Update Live 	আফরোজা খানম রিতা, বেসামরিক বিমান পরিবহন ও পর্যটন মন্ত্রী, বেসামরিক বিমান পরিবহন ও পর্যটন, সরাসরি সম্প্রচার, বাংলাদেশ নিউজ, লাইভ নিউজ, ব্রেকিং নিউজ, আজকের খবর, Live News Bangladesh, Breaking News, Bangla News Live, News Update, Live Broadcast
14	🔴 𝗟𝗜𝗩𝗘 কথা বলছেন পার্বত্য চট্টগ্রাম বিষয়ক মন্ত্রী দীপেন দেওয়ান	দীপেন দেওয়ান	পার্বত্য চট্টগ্রাম বিষয়ক মন্ত্রী	পার্বত্য চট্টগ্রাম বিষয়ক	#DipenDewanLive #breakingnews #channelonelive #channel1	   দীপেন দেওয়ান লাইভ | পার্বত্য চট্টগ্রাম বিষয়ক মন্ত্রী | পার্বত্য চট্টগ্রাম বিষয়ক | সরাসরি নিউজ লাইভ | বাংলাদেশ সংবাদ লাইভ | আজকের খবর লাইভ | ব্রেকিং নিউজ বাংলাদেশ | লাইভ নিউজ আপডেট | Bangladesh News Live Today | Breaking News Live Bangla | Live Broadcast Bangladesh | News Update Live 	দীপেন দেওয়ান, পার্বত্য চট্টগ্রাম বিষয়ক মন্ত্রী, পার্বত্য চট্টগ্রাম বিষয়ক, সরাসরি সম্প্রচার, বাংলাদেশ নিউজ, লাইভ নিউজ, ব্রেকিং নিউজ, আজকের খবর, Live News Bangladesh, Breaking News, Bangla News Live, News Update, Live Broadcast
15	🔴 𝗟𝗜𝗩𝗘 কথা বলছেন শিক্ষা এবং প্রাথমিক ও গণশিক্ষা মন্ত্রী এ এন এম এহসানুল হক মিলন	এ এন এম এহসানুল হক মিলন	শিক্ষা এবং প্রাথমিক ও গণশিক্ষা মন্ত্রী	শিক্ষা এবং প্রাথমিক ও গণশিক্ষা	#EhsanulHaqueMilonLive #breakingnews #channelonelive #channel1	   এ এন এম এহসানুল হক মিলন লাইভ | শিক্ষা এবং প্রাথমিক ও গণশিক্ষা মন্ত্রী | শিক্ষা এবং প্রাথমিক ও গণশিক্ষা | সরাসরি নিউজ লাইভ | বাংলাদেশ সংবাদ লাইভ | আজকের খবর লাইভ | ব্রেকিং নিউজ বাংলাদেশ | লাইভ নিউজ আপডেট | Bangladesh News Live Today | Breaking News Live Bangla | Live Broadcast Bangladesh | News Update Live 	এ এন এম এহসানুল হক মিলন, শিক্ষা এবং প্রাথমিক ও গণশিক্ষা মন্ত্রী, শিক্ষা এবং প্রাথমিক ও গণশিক্ষা, সরাসরি সম্প্রচার, বাংলাদেশ নিউজ, লাইভ নিউজ, ব্রেকিং নিউজ, আজকের খবর, Live News Bangladesh, Breaking News, Bangla News Live, News Update, Live Broadcast
16	🔴 𝗟𝗜𝗩𝗘 কথা বলছেন স্বাস্থ্য ও পরিবার কল্যাণ মন্ত্রী সর্দার মো. সাখাওয়াত হোসেন	সর্দার মো. সাখাওয়াত হোসেন	স্বাস্থ্য ও পরিবার কল্যাণ মন্ত্রী	স্বাস্থ্য ও পরিবার কল্যাণ	#SakhawatHossainLive #breakingnews #channelonelive #channel1	   সর্দার মো. সাখাওয়াত হোসেন লাইভ | স্বাস্থ্য ও পরিবার কল্যাণ মন্ত্রী | স্বাস্থ্য ও পরিবার কল্যাণ | সরাসরি নিউজ লাইভ | বাংলাদেশ সংবাদ লাইভ | আজকের খবর লাইভ | ব্রেকিং নিউজ বাংলাদেশ | লাইভ নিউজ আপডেট | Bangladesh News Live Today | Breaking News Live Bangla | Live Broadcast Bangladesh | News Update Live 	সর্দার মো. সাখাওয়াত হোসেন, স্বাস্থ্য ও পরিবার কল্যাণ মন্ত্রী, স্বাস্থ্য ও পরিবার কল্যাণ, সরাসরি সম্প্রচার, বাংলাদেশ নিউজ, লাইভ নিউজ, ব্রেকিং নিউজ, আজকের খবর, Live News Bangladesh, Breaking News, Bangla News Live, News Update, Live Broadcast
17	🔴 𝗟𝗜𝗩𝗘 কথা বলছেন ডাক, টেলিযোগাযোগ ও তথ্যপ্রযুক্তি এবং বিজ্ঞান ও প্রযুক্তি মন্ত্রী ফকির মাহবুব আনাম	ফকির মাহবুব আনাম	ডাক, টেলিযোগাযোগ ও তথ্যপ্রযুক্তি এবং বিজ্ঞান ও প্রযুক্তি মন্ত্রী	ডাক, টেলিযোগাযোগ ও তথ্যপ্রযুক্তি এবং বিজ্ঞান ও প্রযুক্তি	#FakirMahbubAnamLive #breakingnews #channelonelive #channel1	   ফকির মাহবুব আনাম লাইভ | ডাক, টেলিযোগাযোগ ও তথ্যপ্রযুক্তি এবং বিজ্ঞান ও প্রযুক্তি মন্ত্রী | ডাক, টেলিযোগাযোগ ও তথ্যপ্রযুক্তি এবং বিজ্ঞান ও প্রযুক্তি | সরাসরি নিউজ লাইভ | বাংলাদেশ সংবাদ লাইভ | আজকের খবর লাইভ | ব্রেকিং নিউজ বাংলাদেশ | লাইভ নিউজ আপডেট | Bangladesh News Live Today | Breaking News Live Bangla | Live Broadcast Bangladesh | News Update Live 	ফকির মাহবুব আনাম, ডাক, টেলিযোগাযোগ ও তথ্যপ্রযুক্তি এবং বিজ্ঞান ও প্রযুক্তি মন্ত্রী, ডাক, টেলিযোগাযোগ ও তথ্যপ্রযুক্তি এবং বিজ্ঞান ও প্রযুক্তি, সরাসরি সম্প্রচার, বাংলাদেশ নিউজ, লাইভ নিউজ, ব্রেকিং নিউজ, আজকের খবর, Live News Bangladesh, Breaking News, Bangla News Live, News Update, Live Broadcast
18	🔴 𝗟𝗜𝗩𝗘 কথা বলছেন সড়ক পরিবহন ও সেতু, রেলপথ এবং নৌপরিবহন মন্ত্রী শেখ রাবিউল আলম	শেখ রাবিউল আলম	সড়ক পরিবহন ও সেতু, রেলপথ এবং নৌপরিবহন মন্ত্রী	সড়ক পরিবহন ও সেতু, রেলপথ এবং নৌপরিবহন	#SheikhRabiulAlamLive #breakingnews #channelonelive #channel1	   শেখ রাবিউল আলম লাইভ | সড়ক পরিবহন ও সেতু, রেলপথ এবং নৌপরিবহন মন্ত্রী | সড়ক পরিবহন ও সেতু, রেলপথ এবং নৌপরিবহন | সরাসরি নিউজ লাইভ | বাংলাদেশ সংবাদ লাইভ | আজকের খবর লাইভ | ব্রেকিং নিউজ বাংলাদেশ | লাইভ নিউজ আপডেট | Bangladesh News Live Today | Breaking News Live Bangla | Live Broadcast Bangladesh | News Update Live 	শেখ রাবিউল আলম, সড়ক পরিবহন ও সেতু, রেলপথ এবং নৌপরিবহন মন্ত্রী, সড়ক পরিবহন ও সেতু, রেলপথ এবং নৌপরিবহন, সরাসরি সম্প্রচার, বাংলাদেশ নিউজ, লাইভ নিউজ, ব্রেকিং নিউজ, আজকের খবর, Live News Bangladesh, Breaking News, Bangla News Live, News Update, Live Broadcast
19	🔴 𝗟𝗜𝗩𝗘 কথা বলছেন কৃষি, মৎস্য ও প্রাণিসম্পদ এবং খাদ্য মন্ত্রী মোহাম্মদ আমিন উর রশিদ	মোহাম্মদ আমিন উর রশিদ	কৃষি, মৎস্য ও প্রাণিসম্পদ এবং খাদ্য মন্ত্রী	কৃষি, মৎস্য ও প্রাণিসম্পদ এবং খাদ্য	#AminUrRashidLive #breakingnews #channelonelive #channel1	   মোহাম্মদ আমিন উর রশিদ লাইভ | কৃষি, মৎস্য ও প্রাণিসম্পদ এবং খাদ্য মন্ত্রী | কৃষি, মৎস্য ও প্রাণিসম্পদ এবং খাদ্য | সরাসরি নিউজ লাইভ | বাংলাদেশ সংবাদ লাইভ | আজকের খবর লাইভ | ব্রেকিং নিউজ বাংলাদেশ | লাইভ নিউজ আপডেট | Bangladesh News Live Today | Breaking News Live Bangla | Live Broadcast Bangladesh | News Update Live 	মোহাম্মদ আমিন উর রশিদ, কৃষি, মৎস্য ও প্রাণিসম্পদ এবং খাদ্য মন্ত্রী, কৃষি, মৎস্য ও প্রাণিসম্পদ এবং খাদ্য, সরাসরি সম্প্রচার, বাংলাদেশ নিউজ, লাইভ নিউজ, ব্রেকিং নিউজ, আজকের খবর, Live News Bangladesh, Breaking News, Bangla News Live, News Update, Live Broadcast
20	🔴 𝗟𝗜𝗩𝗘 কথা বলছেন পররাষ্ট্রমন্ত্রী ড. খলিলুর রহমান	ড. খলিলুর রহমান	পররাষ্ট্রমন্ত্রী	পররাষ্ট্র	#KhalilurRahmanLive #breakingnews #channelonelive #channel1	   ড. খলিলুর রহমান লাইভ | পররাষ্ট্রমন্ত্রী | পররাষ্ট্র | সরাসরি নিউজ লাইভ | বাংলাদেশ সংবাদ লাইভ | আজকের খবর লাইভ | ব্রেকিং নিউজ বাংলাদেশ | লাইভ নিউজ আপডেট | Bangladesh News Live Today | Breaking News Live Bangla | Live Broadcast Bangladesh | News Update Live 	ড. খলিলুর রহমান, পররাষ্ট্রমন্ত্রী, পররাষ্ট্র, সরাসরি সম্প্রচার, বাংলাদেশ নিউজ, লাইভ নিউজ, ব্রেকিং নিউজ, আজকের খবর, Live News Bangladesh, Breaking News, Bangla News Live, News Update, Live Broadcast
21	🔴 𝗟𝗜𝗩𝗘 কথা বলছেন পানি সম্পদ মন্ত্রী মো. শহীদ উদ্দিন চৌধুরী এ্যানী	মো. শহীদ উদ্দিন চৌধুরী এ্যানী	পানি সম্পদ মন্ত্রী	পানি সম্পদ	#ShahidUddinChowdhuryAnnieLive #breakingnews #channelonelive #channel1	   মো. শহীদ উদ্দিন চৌধুরী এ্যানী লাইভ | পানি সম্পদ মন্ত্রী | পানি সম্পদ | সরাসরি নিউজ লাইভ | বাংলাদেশ সংবাদ লাইভ | আজকের খবর লাইভ | ব্রেকিং নিউজ বাংলাদেশ | লাইভ নিউজ আপডেট | Bangladesh News Live Today | Breaking News Live Bangla | Live Broadcast Bangladesh | News Update Live 	মো. শহীদ উদ্দিন চৌধুরী এ্যানী, পানি সম্পদ মন্ত্রী, পানি সম্পদ, সরাসরি সম্প্রচার, বাংলাদেশ নিউজ, লাইভ নিউজ, ব্রেকিং নিউজ, আজকের খবর, Live News Bangladesh, Breaking News, Bangla News Live, News Update, Live Broadcast
22	🔴 𝗟𝗜𝗩𝗘 কথা বলছেন দুর্যোগ ব্যবস্থাপনা ও ত্রাণ মন্ত্রী আসাদুল হাবিব দুলু	আসাদুল হাবিব দুলু	দুর্যোগ ব্যবস্থাপনা ও ত্রাণ মন্ত্রী	দুর্যোগ ব্যবস্থাপনা ও ত্রাণ	#AsadulHabibDuluLive #breakingnews #channelonelive #channel1	   আসাদুল হাবিব দুলু লাইভ | দুর্যোগ ব্যবস্থাপনা ও ত্রাণ মন্ত্রী | দুর্যোগ ব্যবস্থাপনা ও ত্রাণ | সরাসরি নিউজ লাইভ | বাংলাদেশ সংবাদ লাইভ | আজকের খবর লাইভ | ব্রেকিং নিউজ বাংলাদেশ | লাইভ নিউজ আপডেট | Bangladesh News Live Today | Breaking News Live Bangla | Live Broadcast Bangladesh | News Update Live 	আসাদুল হাবিব দুলু, দুর্যোগ ব্যবস্থাপনা ও ত্রাণ মন্ত্রী, দুর্যোগ ব্যবস্থাপনা ও ত্রাণ, সরাসরি সম্প্রচার, বাংলাদেশ নিউজ, লাইভ নিউজ, ব্রেকিং নিউজ, আজকের খবর, Live News Bangladesh, Breaking News, Bangla News Live, News Update, Live Broadcast
23	🔴 𝗟𝗜𝗩𝗘 কথা বলছেন আইন, বিচার ও সংসদ বিষয়ক মন্ত্রী মো. আসাদুজ্জামান	মো. আসাদুজ্জামান	আইন, বিচার ও সংসদ বিষয়ক মন্ত্রী	আইন, বিচার ও সংসদ বিষয়ক	#AsaduzzamanLive #breakingnews #channelonelive #channel1	   মো. আসাদুজ্জামান লাইভ | আইন, বিচার ও সংসদ বিষয়ক মন্ত্রী | আইন, বিচার ও সংসদ বিষয়ক | সরাসরি নিউজ লাইভ | বাংলাদেশ সংবাদ লাইভ | আজকের খবর লাইভ | ব্রেকিং নিউজ বাংলাদেশ | লাইভ নিউজ আপডেট | Bangladesh News Live Today | Breaking News Live Bangla | Live Broadcast Bangladesh | News Update Live 	মো. আসাদুজ্জামান, আইন, বিচার ও সংসদ বিষয়ক মন্ত্রী, আইন, বিচার ও সংসদ বিষয়ক, সরাসরি সম্প্রচার, বাংলাদেশ নিউজ, লাইভ নিউজ, ব্রেকিং নিউজ, আজকের খবর, Live News Bangladesh, Breaking News, Bangla News Live, News Update, Live Broadcast
24	🔴 𝗟𝗜𝗩𝗘 কথা বলছেন গৃহায়ন ও গণপূর্ত মন্ত্রী জাকিয়া তাহের	জাকিয়া তাহের	গৃহায়ন ও গণপূর্ত মন্ত্রী	গৃহায়ন ও গণপূর্ত	#ZakiaTaherLive #breakingnews #channelonelive #channel1	   জাকিয়া তাহের লাইভ | গৃহায়ন ও গণপূর্ত মন্ত্রী | গৃহায়ন ও গণপূর্ত | সরাসরি নিউজ লাইভ | বাংলাদেশ সংবাদ লাইভ | আজকের খবর লাইভ | ব্রেকিং নিউজ বাংলাদেশ | লাইভ নিউজ আপডেট | Bangladesh News Live Today | Breaking News Live Bangla | Live Broadcast Bangladesh | News Update Live 	জাকিয়া তাহের, গৃহায়ন ও গণপূর্ত মন্ত্রী, গৃহায়ন ও গণপূর্ত, সরাসরি সম্প্রচার, বাংলাদেশ নিউজ, লাইভ নিউজ, ব্রেকিং নিউজ, আজকের খবর, Live News Bangladesh, Breaking News, Bangla News Live, News Update, Live Broadcast
25	🔴 𝗟𝗜𝗩𝗘 কথা বলছেন তথ্য ও সম্প্রচার মন্ত্রী জহির উদ্দিন স্বপন	জহির উদ্দিন স্বপন	তথ্য ও সম্প্রচার মন্ত্রী	তথ্য ও সম্প্রচার	#ZahirUddinSwapanLive #breakingnews #channelonelive #channel1	   জহির উদ্দিন স্বপন লাইভ | তথ্য ও সম্প্রচার মন্ত্রী | তথ্য ও সম্প্রচার | সরাসরি নিউজ লাইভ | বাংলাদেশ সংবাদ লাইভ | আজকের খবর লাইভ | ব্রেকিং নিউজ বাংলাদেশ | লাইভ নিউজ আপডেট | Bangladesh News Live Today | Breaking News Live Bangla | Live Broadcast Bangladesh | News Update Live 	জহির উদ্দিন স্বপন, তথ্য ও সম্প্রচার মন্ত্রী, তথ্য ও সম্প্রচার, সরাসরি সম্প্রচার, বাংলাদেশ নিউজ, লাইভ নিউজ, ব্রেকিং নিউজ, আজকের খবর, Live News Bangladesh, Breaking News, Bangla News Live, News Update, Live Broadcast
26	🔴 𝗟𝗜𝗩𝗘 কথা বলছেন বেসামরিক বিমান পরিবহন ও পর্যটন প্রতিমন্ত্রী এম রশিদুজ্জামান মিল্লাত	এম রশিদুজ্জামান মিল্লাত	বেসামরিক বিমান পরিবহন ও পর্যটন প্রতিমন্ত্রী	বেসামরিক বিমান পরিবহন ও পর্যটন	#RashiduzzamanMillatLive #breakingnews #channelonelive #channel1	   এম রশিদুজ্জামান মিল্লাত লাইভ | বেসামরিক বিমান পরিবহন ও পর্যটন প্রতিমন্ত্রী | বেসামরিক বিমান পরিবহন ও পর্যটন | সরাসরি নিউজ লাইভ | বাংলাদেশ সংবাদ লাইভ | আজকের খবর লাইভ | ব্রেকিং নিউজ বাংলাদেশ | লাইভ নিউজ আপডেট | Bangladesh News Live Today | Breaking News Live Bangla | Live Broadcast Bangladesh | News Update Live 	এম রশিদুজ্জামান মিল্লাত, বেসামরিক বিমান পরিবহন ও পর্যটন প্রতিমন্ত্রী, বেসামরিক বিমান পরিবহন ও পর্যটন, সরাসরি সম্প্রচার, বাংলাদেশ নিউজ, লাইভ নিউজ, ব্রেকিং নিউজ, আজকের খবর, Live News Bangladesh, Breaking News, Bangla News Live, News Update, Live Broadcast
27	🔴 𝗟𝗜𝗩𝗘 কথা বলছেন বিদ্যুৎ, জ্বালানি ও খনিজ সম্পদ প্রতিমন্ত্রী অনিন্দ্য ইসলাম অমিত	অনিন্দ্য ইসলাম অমিত	বিদ্যুৎ, জ্বালানি ও খনিজ সম্পদ প্রতিমন্ত্রী	বিদ্যুৎ, জ্বালানি ও খনিজ সম্পদ	#AnindyaIslamAmitLive #breakingnews #channelonelive #channel1	   অনিন্দ্য ইসলাম অমিত লাইভ | বিদ্যুৎ, জ্বালানি ও খনিজ সম্পদ প্রতিমন্ত্রী | বিদ্যুৎ, জ্বালানি ও খনিজ সম্পদ | সরাসরি নিউজ লাইভ | বাংলাদেশ সংবাদ লাইভ | আজকের খবর লাইভ | ব্রেকিং নিউজ বাংলাদেশ | লাইভ নিউজ আপডেট | Bangladesh News Live Today | Breaking News Live Bangla | Live Broadcast Bangladesh | News Update Live 	অনিন্দ্য ইসলাম অমিত, বিদ্যুৎ, জ্বালানি ও খনিজ সম্পদ প্রতিমন্ত্রী, বিদ্যুৎ, জ্বালানি ও খনিজ সম্পদ, সরাসরি সম্প্রচার, বাংলাদেশ নিউজ, লাইভ নিউজ, ব্রেকিং নিউজ, আজকের খবর, Live News Bangladesh, Breaking News, Bangla News Live, News Update, Live Broadcast
28	🔴 𝗟𝗜𝗩𝗘 কথা বলছেন বাণিজ্য, শিল্প এবং বস্ত্র ও পাট প্রতিমন্ত্রী মো. শরিফুল আলম	মো. শরিফুল আলম	বাণিজ্য, শিল্প এবং বস্ত্র ও পাট প্রতিমন্ত্রী	বাণিজ্য, শিল্প এবং বস্ত্র ও পাট	#SharifulAlamLive #breakingnews #channelonelive #channel1	   মো. শরিফুল আলম লাইভ | বাণিজ্য, শিল্প এবং বস্ত্র ও পাট প্রতিমন্ত্রী | বাণিজ্য, শিল্প এবং বস্ত্র ও পাট | সরাসরি নিউজ লাইভ | বাংলাদেশ সংবাদ লাইভ | আজকের খবর লাইভ | ব্রেকিং নিউজ বাংলাদেশ | লাইভ নিউজ আপডেট | Bangladesh News Live Today | Breaking News Live Bangla | Live Broadcast Bangladesh | News Update Live 	মো. শরিফুল আলম, বাণিজ্য, শিল্প এবং বস্ত্র ও পাট প্রতিমন্ত্রী, বাণিজ্য, শিল্প এবং বস্ত্র ও পাট, সরাসরি সম্প্রচার, বাংলাদেশ নিউজ, লাইভ নিউজ, ব্রেকিং নিউজ, আজকের খবর, Live News Bangladesh, Breaking News, Bangla News Live, News Update, Live Broadcast
29	🔴 𝗟𝗜𝗩𝗘 কথা বলছেন পানি সম্পদ প্রতিমন্ত্রী ফরহাদ হোসেন আজাদ	ফরহাদ হোসেন আজাদ	পানি সম্পদ প্রতিমন্ত্রী	পানি সম্পদ	#FarhadHossainAzadLive #breakingnews #channelonelive #channel1	   ফরহাদ হোসেন আজাদ লাইভ | পানি সম্পদ প্রতিমন্ত্রী | পানি সম্পদ | সরাসরি নিউজ লাইভ | বাংলাদেশ সংবাদ লাইভ | আজকের খবর লাইভ | ব্রেকিং নিউজ বাংলাদেশ | লাইভ নিউজ আপডেট | Bangladesh News Live Today | Breaking News Live Bangla | Live Broadcast Bangladesh | News Update Live 	ফরহাদ হোসেন আজাদ, পানি সম্পদ প্রতিমন্ত্রী, পানি সম্পদ, সরাসরি সম্প্রচার, বাংলাদেশ নিউজ, লাইভ নিউজ, ব্রেকিং নিউজ, আজকের খবর, Live News Bangladesh, Breaking News, Bangla News Live, News Update, Live Broadcast
30	🔴 𝗟𝗜𝗩𝗘 কথা বলছেন পররাষ্ট্র প্রতিমন্ত্রী শামা ওবায়েদ ইসলাম	শামা ওবায়েদ ইসলাম	পররাষ্ট্র প্রতিমন্ত্রী	পররাষ্ট্র	#ShamaObaidIslamLive #breakingnews #channelonelive #channel1	   শামা ওবায়েদ ইসলাম লাইভ | পররাষ্ট্র প্রতিমন্ত্রী | পররাষ্ট্র | সরাসরি নিউজ লাইভ | বাংলাদেশ সংবাদ লাইভ | আজকের খবর লাইভ | ব্রেকিং নিউজ বাংলাদেশ | লাইভ নিউজ আপডেট | Bangladesh News Live Today | Breaking News Live Bangla | Live Broadcast Bangladesh | News Update Live 	শামা ওবায়েদ ইসলাম, পররাষ্ট্র প্রতিমন্ত্রী, পররাষ্ট্র, সরাসরি সম্প্রচার, বাংলাদেশ নিউজ, লাইভ নিউজ, ব্রেকিং নিউজ, আজকের খবর, Live News Bangladesh, Breaking News, Bangla News Live, News Update, Live Broadcast
31	🔴 𝗟𝗜𝗩𝗘 কথা বলছেন মৎস্য ও প্রাণিসম্পদ প্রতিমন্ত্রী সুলতান সালাহউদ্দিন টুকু	সুলতান সালাহউদ্দিন টুকু	মৎস্য ও প্রাণিসম্পদ প্রতিমন্ত্রী	মৎস্য ও প্রাণিসম্পদ	#SultanSalahuddinTukuLive #breakingnews #channelonelive #channel1	   সুলতান সালাহউদ্দিন টুকু লাইভ | মৎস্য ও প্রাণিসম্পদ প্রতিমন্ত্রী | মৎস্য ও প্রাণিসম্পদ | সরাসরি নিউজ লাইভ | বাংলাদেশ সংবাদ লাইভ | আজকের খবর লাইভ | ব্রেকিং নিউজ বাংলাদেশ | লাইভ নিউজ আপডেট | Bangladesh News Live Today | Breaking News Live Bangla | Live Broadcast Bangladesh | News Update Live 	সুলতান সালাহউদ্দিন টুকু, মৎস্য ও প্রাণিসম্পদ প্রতিমন্ত্রী, মৎস্য ও প্রাণিসম্পদ, সরাসরি সম্প্রচার, বাংলাদেশ নিউজ, লাইভ নিউজ, ব্রেকিং নিউজ, আজকের খবর, Live News Bangladesh, Breaking News, Bangla News Live, News Update, Live Broadcast
32	🔴 𝗟𝗜𝗩𝗘 কথা বলছেন ভূমি প্রতিমন্ত্রী ব্যারিস্টার কায়সার কামাল	ব্যারিস্টার কায়সার কামাল	ভূমি প্রতিমন্ত্রী	ভূমি	#KaiserKamalLive #breakingnews #channelonelive #channel1	   ব্যারিস্টার কায়সার কামাল লাইভ | ভূমি প্রতিমন্ত্রী | ভূমি | সরাসরি নিউজ লাইভ | বাংলাদেশ সংবাদ লাইভ | আজকের খবর লাইভ | ব্রেকিং নিউজ বাংলাদেশ | লাইভ নিউজ আপডেট | Bangladesh News Live Today | Breaking News Live Bangla | Live Broadcast Bangladesh | News Update Live 	ব্যারিস্টার কায়সার কামাল, ভূমি প্রতিমন্ত্রী, ভূমি, সরাসরি সম্প্রচার, বাংলাদেশ নিউজ, লাইভ নিউজ, ব্রেকিং নিউজ, আজকের খবর, Live News Bangladesh, Breaking News, Bangla News Live, News Update, Live Broadcast
33	🔴 𝗟𝗜𝗩𝗘 কথা বলছেন পার্বত্য চট্টগ্রাম বিষয়ক প্রতিমন্ত্রী মীর মোহাম্মদ হেলাল উদ্দিন	মীর মোহাম্মদ হেলাল উদ্দিন	পার্বত্য চট্টগ্রাম বিষয়ক প্রতিমন্ত্রী	পার্বত্য চট্টগ্রাম বিষয়ক	#MirMohammadHelalUddinLive #breakingnews #channelonelive #channel1	   মীর মোহাম্মদ হেলাল উদ্দিন লাইভ | পার্বত্য চট্টগ্রাম বিষয়ক প্রতিমন্ত্রী | পার্বত্য চট্টগ্রাম বিষয়ক | সরাসরি নিউজ লাইভ | বাংলাদেশ সংবাদ লাইভ | আজকের খবর লাইভ | ব্রেকিং নিউজ বাংলাদেশ | লাইভ নিউজ আপডেট | Bangladesh News Live Today | Breaking News Live Bangla | Live Broadcast Bangladesh | News Update Live 	মীর মোহাম্মদ হেলাল উদ্দিন, পার্বত্য চট্টগ্রাম বিষয়ক প্রতিমন্ত্রী, পার্বত্য চট্টগ্রাম বিষয়ক, সরাসরি সম্প্রচার, বাংলাদেশ নিউজ, লাইভ নিউজ, ব্রেকিং নিউজ, আজকের খবর, Live News Bangladesh, Breaking News, Bangla News Live, News Update, Live Broadcast
34	🔴 𝗟𝗜𝗩𝗘 কথা বলছেন রেলপথ এবং সড়ক পরিবহন ও মহাসড়ক প্রতিমন্ত্রী হাবিবুর রশিদ হাবিব	হাবিবুর রশিদ হাবিব	রেলপথ এবং সড়ক পরিবহন ও মহাসড়ক প্রতিমন্ত্রী	রেলপথ এবং সড়ক পরিবহন ও মহাসড়ক	#HabiburRashidHabibLive #breakingnews #channelonelive #channel1	   হাবিবুর রশিদ হাবিব লাইভ | রেলপথ এবং সড়ক পরিবহন ও মহাসড়ক প্রতিমন্ত্রী | রেলপথ এবং সড়ক পরিবহন ও মহাসড়ক | সরাসরি নিউজ লাইভ | বাংলাদেশ সংবাদ লাইভ | আজকের খবর লাইভ | ব্রেকিং নিউজ বাংলাদেশ | লাইভ নিউজ আপডেট | Bangladesh News Live Today | Breaking News Live Bangla | Live Broadcast Bangladesh | News Update Live 	হাবিবুর রশিদ হাবিব, রেলপথ এবং সড়ক পরিবহন ও মহাসড়ক প্রতিমন্ত্রী, রেলপথ এবং সড়ক পরিবহন ও মহাসড়ক, সরাসরি সম্প্রচার, বাংলাদেশ নিউজ, লাইভ নিউজ, ব্রেকিং নিউজ, আজকের খবর, Live News Bangladesh, Breaking News, Bangla News Live, News Update, Live Broadcast
35	🔴 𝗟𝗜𝗩𝗘 কথা বলছেন নৌপরিবহন ও সেতু প্রতিমন্ত্রী মো. রাজিব আহসান	মো. রাজিব আহসান	নৌপরিবহন ও সেতু প্রতিমন্ত্রী	নৌপরিবহন ও সেতু	#RajibAhsanLive #breakingnews #channelonelive #channel1	   মো. রাজিব আহসান লাইভ | নৌপরিবহন ও সেতু প্রতিমন্ত্রী | নৌপরিবহন ও সেতু | সরাসরি নিউজ লাইভ | বাংলাদেশ সংবাদ লাইভ | আজকের খবর লাইভ | ব্রেকিং নিউজ বাংলাদেশ | লাইভ নিউজ আপডেট | Bangladesh News Live Today | Breaking News Live Bangla | Live Broadcast Bangladesh | News Update Live 	মো. রাজিব আহসান, নৌপরিবহন ও সেতু প্রতিমন্ত্রী, নৌপরিবহন ও সেতু, সরাসরি সম্প্রচার, বাংলাদেশ নিউজ, লাইভ নিউজ, ব্রেকিং নিউজ, আজকের খবর, Live News Bangladesh, Breaking News, Bangla News Live, News Update, Live Broadcast
36	🔴 𝗟𝗜𝗩𝗘 কথা বলছেন জনপ্রশাসন প্রতিমন্ত্রী মো. আবদুল বারী	মো. আবদুল বারী	জনপ্রশাসন প্রতিমন্ত্রী	জনপ্রশাসন	#AbdulBariLive #breakingnews #channelonelive #channel1	   মো. আবদুল বারী লাইভ | জনপ্রশাসন প্রতিমন্ত্রী | জনপ্রশাসন | সরাসরি নিউজ লাইভ | বাংলাদেশ সংবাদ লাইভ | আজকের খবর লাইভ | ব্রেকিং নিউজ বাংলাদেশ | লাইভ নিউজ আপডেট | Bangladesh News Live Today | Breaking News Live Bangla | Live Broadcast Bangladesh | News Update Live 	মো. আবদুল বারী, জনপ্রশাসন প্রতিমন্ত্রী, জনপ্রশাসন, সরাসরি সম্প্রচার, বাংলাদেশ নিউজ, লাইভ নিউজ, ব্রেকিং নিউজ, আজকের খবর, Live News Bangladesh, Breaking News, Bangla News Live, News Update, Live Broadcast
37	🔴 𝗟𝗜𝗩𝗘 কথা বলছেন স্থানীয় সরকার, পল্লী উন্নয়ন ও সমবায় প্রতিমন্ত্রী মীর শাহে আলম	মীর শাহে আলম	স্থানীয় সরকার, পল্লী উন্নয়ন ও সমবায় প্রতিমন্ত্রী	স্থানীয় সরকার, পল্লী উন্নয়ন ও সমবায়	#MirShaheAlamLive #breakingnews #channelonelive #channel1	   মীর শাহে আলম লাইভ | স্থানীয় সরকার, পল্লী উন্নয়ন ও সমবায় প্রতিমন্ত্রী | স্থানীয় সরকার, পল্লী উন্নয়ন ও সমবায় | সরাসরি নিউজ লাইভ | বাংলাদেশ সংবাদ লাইভ | আজকের খবর লাইভ | ব্রেকিং নিউজ বাংলাদেশ | লাইভ নিউজ আপডেট | Bangladesh News Live Today | Breaking News Live Bangla | Live Broadcast Bangladesh | News Update Live 	মীর শাহে আলম, স্থানীয় সরকার, পল্লী উন্নয়ন ও সমবায় প্রতিমন্ত্রী, স্থানীয় সরকার, পল্লী উন্নয়ন ও সমবায়, সরাসরি সম্প্রচার, বাংলাদেশ নিউজ, লাইভ নিউজ, ব্রেকিং নিউজ, আজকের খবর, Live News Bangladesh, Breaking News, Bangla News Live, News Update, Live Broadcast
38	🔴 𝗟𝗜𝗩𝗘 কথা বলছেন অর্থ ও পরিকল্পনা প্রতিমন্ত্রী মো. জোনায়েদ আবদুর রহিম সাকি	মো. জোনায়েদ আবদুর রহিম সাকি	অর্থ ও পরিকল্পনা প্রতিমন্ত্রী	অর্থ ও পরিকল্পনা	#JonaedSakiLive #breakingnews #channelonelive #channel1	   মো. জোনায়েদ আবদুর রহিম সাকি লাইভ | অর্থ ও পরিকল্পনা প্রতিমন্ত্রী | অর্থ ও পরিকল্পনা | সরাসরি নিউজ লাইভ | বাংলাদেশ সংবাদ লাইভ | আজকের খবর লাইভ | ব্রেকিং নিউজ বাংলাদেশ | লাইভ নিউজ আপডেট | Bangladesh News Live Today | Breaking News Live Bangla | Live Broadcast Bangladesh | News Update Live 	মো. জোনায়েদ আবদুর রহিম সাকি, অর্থ ও পরিকল্পনা প্রতিমন্ত্রী, অর্থ ও পরিকল্পনা, সরাসরি সম্প্রচার, বাংলাদেশ নিউজ, লাইভ নিউজ, ব্রেকিং নিউজ, আজকের খবর, Live News Bangladesh, Breaking News, Bangla News Live, News Update, Live Broadcast
39	🔴 𝗟𝗜𝗩𝗘 কথা বলছেন মুক্তিযুদ্ধ বিষয়ক প্রতিমন্ত্রী ইশরাক হোসেন	ইশরাক হোসেন	মুক্তিযুদ্ধ বিষয়ক প্রতিমন্ত্রী	মুক্তিযুদ্ধ বিষয়ক	#IshraqHossainLive #breakingnews #channelonelive #channel1	   ইশরাক হোসেন লাইভ | মুক্তিযুদ্ধ বিষয়ক প্রতিমন্ত্রী | মুক্তিযুদ্ধ বিষয়ক | সরাসরি নিউজ লাইভ | বাংলাদেশ সংবাদ লাইভ | আজকের খবর লাইভ | ব্রেকিং নিউজ বাংলাদেশ | লাইভ নিউজ আপডেট | Bangladesh News Live Today | Breaking News Live Bangla | Live Broadcast Bangladesh | News Update Live 	ইশরাক হোসেন, মুক্তিযুদ্ধ বিষয়ক প্রতিমন্ত্রী, মুক্তিযুদ্ধ বিষয়ক, সরাসরি সম্প্রচার, বাংলাদেশ নিউজ, লাইভ নিউজ, ব্রেকিং নিউজ, আজকের খবর, Live News Bangladesh, Breaking News, Bangla News Live, News Update, Live Broadcast
40	🔴 𝗟𝗜𝗩𝗘 কথা বলছেন সমাজকল্যাণ ও শ্রম ও কর্মসংস্থান প্রতিমন্ত্রী ফারজানা শারমিন পুতুল	ফারজানা শারমিন পুতুল	সমাজকল্যাণ ও শ্রম ও কর্মসংস্থান প্রতিমন্ত্রী	সমাজকল্যাণ ও শ্রম ও কর্মসংস্থান	#FarzanaSharminPutulLive #breakingnews #channelonelive #channel1	   ফারজানা শারমিন পুতুল লাইভ | সমাজকল্যাণ ও শ্রম ও কর্মসংস্থান প্রতিমন্ত্রী | সমাজকল্যাণ ও শ্রম ও কর্মসংস্থান | সরাসরি নিউজ লাইভ | বাংলাদেশ সংবাদ লাইভ | আজকের খবর লাইভ | ব্রেকিং নিউজ বাংলাদেশ | লাইভ নিউজ আপডেট | Bangladesh News Live Today | Breaking News Live Bangla | Live Broadcast Bangladesh | News Update Live 	ফারজানা শারমিন পুতুল, সমাজকল্যাণ ও শ্রম ও কর্মসংস্থান প্রতিমন্ত্রী, সমাজকল্যাণ ও শ্রম ও কর্মসংস্থান, সরাসরি সম্প্রচার, বাংলাদেশ নিউজ, লাইভ নিউজ, ব্রেকিং নিউজ, আজকের খবর, Live News Bangladesh, Breaking News, Bangla News Live, News Update, Live Broadcast
41	🔴 𝗟𝗜𝗩𝗘 কথা বলছেন পরিবেশ, বন ও জলবায়ু পরিবর্তন প্রতিমন্ত্রী শেখ ফরিদুল ইসলাম	শেখ ফরিদুল ইসলাম	পরিবেশ, বন ও জলবায়ু পরিবর্তন প্রতিমন্ত্রী	পরিবেশ, বন ও জলবায়ু পরিবর্তন	#SheikhFaridulIslamLive #breakingnews #channelonelive #channel1	   শেখ ফরিদুল ইসলাম লাইভ | পরিবেশ, বন ও জলবায়ু পরিবর্তন প্রতিমন্ত্রী | পরিবেশ, বন ও জলবায়ু পরিবর্তন | সরাসরি নিউজ লাইভ | বাংলাদেশ সংবাদ লাইভ | আজকের খবর লাইভ | ব্রেকিং নিউজ বাংলাদেশ | লাইভ নিউজ আপডেট | Bangladesh News Live Today | Breaking News Live Bangla | Live Broadcast Bangladesh | News Update Live 	শেখ ফরিদুল ইসলাম, পরিবেশ, বন ও জলবায়ু পরিবর্তন প্রতিমন্ত্রী, পরিবেশ, বন ও জলবায়ু পরিবর্তন, সরাসরি সম্প্রচার, বাংলাদেশ নিউজ, লাইভ নিউজ, ব্রেকিং নিউজ, আজকের খবর, Live News Bangladesh, Breaking News, Bangla News Live, News Update, Live Broadcast
42	🔴 𝗟𝗜𝗩𝗘 কথা বলছেন প্রবাসী কল্যাণ ও বৈদেশিক কর্মসংস্থান প্রতিমন্ত্রী মো. নুরুল হক নূর	মো. নুরুল হক নূর	প্রবাসী কল্যাণ ও বৈদেশিক কর্মসংস্থান প্রতিমন্ত্রী	প্রবাসী কল্যাণ ও বৈদেশিক কর্মসংস্থান	#NurulHaqNurLive #breakingnews #channelonelive #channel1	   মো. নুরুল হক নূর লাইভ | প্রবাসী কল্যাণ ও বৈদেশিক কর্মসংস্থান প্রতিমন্ত্রী | প্রবাসী কল্যাণ ও বৈদেশিক কর্মসংস্থান | সরাসরি নিউজ লাইভ | বাংলাদেশ সংবাদ লাইভ | আজকের খবর লাইভ | ব্রেকিং নিউজ বাংলাদেশ | লাইভ নিউজ আপডেট | Bangladesh News Live Today | Breaking News Live Bangla | Live Broadcast Bangladesh | News Update Live 	মো. নুরুল হক নূর, প্রবাসী কল্যাণ ও বৈদেশিক কর্মসংস্থান প্রতিমন্ত্রী, প্রবাসী কল্যাণ ও বৈদেশিক কর্মসংস্থান, সরাসরি সম্প্রচার, বাংলাদেশ নিউজ, লাইভ নিউজ, ব্রেকিং নিউজ, আজকের খবর, Live News Bangladesh, Breaking News, Bangla News Live, News Update, Live Broadcast
43	🔴 𝗟𝗜𝗩𝗘 কথা বলছেন তথ্য ও সম্প্রচার প্রতিমন্ত্রী ইয়াসের খান চৌধুরী	ইয়াসের খান চৌধুরী	তথ্য ও সম্প্রচার প্রতিমন্ত্রী	তথ্য ও সম্প্রচার	#YaserKhanChowdhuryLive #breakingnews #channelonelive #channel1	   ইয়াসের খান চৌধুরী লাইভ | তথ্য ও সম্প্রচার প্রতিমন্ত্রী | তথ্য ও সম্প্রচার | সরাসরি নিউজ লাইভ | বাংলাদেশ সংবাদ লাইভ | আজকের খবর লাইভ | ব্রেকিং নিউজ বাংলাদেশ | লাইভ নিউজ আপডেট | Bangladesh News Live Today | Breaking News Live Bangla | Live Broadcast Bangladesh | News Update Live 	ইয়াসের খান চৌধুরী, তথ্য ও সম্প্রচার প্রতিমন্ত্রী, তথ্য ও সম্প্রচার, সরাসরি সম্প্রচার, বাংলাদেশ নিউজ, লাইভ নিউজ, ব্রেকিং নিউজ, আজকের খবর, Live News Bangladesh, Breaking News, Bangla News Live, News Update, Live Broadcast
44	🔴 𝗟𝗜𝗩𝗘 কথা বলছেন দুর্যোগ ব্যবস্থাপনা ও ত্রাণ প্রতিমন্ত্রী এম ইকবাল হোসেন	এম ইকবাল হোসেন	দুর্যোগ ব্যবস্থাপনা ও ত্রাণ প্রতিমন্ত্রী	দুর্যোগ ব্যবস্থাপনা ও ত্রাণ	#MIqbalHossainLive #breakingnews #channelonelive #channel1	   এম ইকবাল হোসেন লাইভ | দুর্যোগ ব্যবস্থাপনা ও ত্রাণ প্রতিমন্ত্রী | দুর্যোগ ব্যবস্থাপনা ও ত্রাণ | সরাসরি নিউজ লাইভ | বাংলাদেশ সংবাদ লাইভ | আজকের খবর লাইভ | ব্রেকিং নিউজ বাংলাদেশ | লাইভ নিউজ আপডেট | Bangladesh News Live Today | Breaking News Live Bangla | Live Broadcast Bangladesh | News Update Live 	এম ইকবাল হোসেন, দুর্যোগ ব্যবস্থাপনা ও ত্রাণ প্রতিমন্ত্রী, দুর্যোগ ব্যবস্থাপনা ও ত্রাণ, সরাসরি সম্প্রচার, বাংলাদেশ নিউজ, লাইভ নিউজ, ব্রেকিং নিউজ, আজকের খবর, Live News Bangladesh, Breaking News, Bangla News Live, News Update, Live Broadcast
45	🔴 𝗟𝗜𝗩𝗘 কথা বলছেন স্বাস্থ্য ও পরিবার কল্যাণ প্রতিমন্ত্রী এম এ মুহিত	এম এ মুহিত	স্বাস্থ্য ও পরিবার কল্যাণ প্রতিমন্ত্রী	স্বাস্থ্য ও পরিবার কল্যাণ	#MAMuhitLive #breakingnews #channelonelive #channel1	   এম এ মুহিত লাইভ | স্বাস্থ্য ও পরিবার কল্যাণ প্রতিমন্ত্রী | স্বাস্থ্য ও পরিবার কল্যাণ | সরাসরি নিউজ লাইভ | বাংলাদেশ সংবাদ লাইভ | আজকের খবর লাইভ | ব্রেকিং নিউজ বাংলাদেশ | লাইভ নিউজ আপডেট | Bangladesh News Live Today | Breaking News Live Bangla | Live Broadcast Bangladesh | News Update Live 	এম এ মুহিত, স্বাস্থ্য ও পরিবার কল্যাণ প্রতিমন্ত্রী, স্বাস্থ্য ও পরিবার কল্যাণ, সরাসরি সম্প্রচার, বাংলাদেশ নিউজ, লাইভ নিউজ, ব্রেকিং নিউজ, আজকের খবর, Live News Bangladesh, Breaking News, Bangla News Live, News Update, Live Broadcast
46	🔴 𝗟𝗜𝗩𝗘 কথা বলছেন গৃহায়ন ও গণপূর্ত প্রতিমন্ত্রী আহম্মদ সোহেল মঞ্জুর	আহম্মদ সোহেল মঞ্জুর	গৃহায়ন ও গণপূর্ত প্রতিমন্ত্রী	গৃহায়ন ও গণপূর্ত	#AhmedSohelManzurLive #breakingnews #channelonelive #channel1	   আহম্মদ সোহেল মঞ্জুর লাইভ | গৃহায়ন ও গণপূর্ত প্রতিমন্ত্রী | গৃহায়ন ও গণপূর্ত | সরাসরি নিউজ লাইভ | বাংলাদেশ সংবাদ লাইভ | আজকের খবর লাইভ | ব্রেকিং নিউজ বাংলাদেশ | লাইভ নিউজ আপডেট | Bangladesh News Live Today | Breaking News Live Bangla | Live Broadcast Bangladesh | News Update Live 	আহম্মদ সোহেল মঞ্জুর, গৃহায়ন ও গণপূর্ত প্রতিমন্ত্রী, গৃহায়ন ও গণপূর্ত, সরাসরি সম্প্রচার, বাংলাদেশ নিউজ, লাইভ নিউজ, ব্রেকিং নিউজ, আজকের খবর, Live News Bangladesh, Breaking News, Bangla News Live, News Update, Live Broadcast
47	🔴 𝗟𝗜𝗩𝗘 কথা বলছেন প্রাথমিক ও গণশিক্ষা প্রতিমন্ত্রী ববি হাজ্জাজ	ববি হাজ্জাজ	প্রাথমিক ও গণশিক্ষা প্রতিমন্ত্রী	প্রাথমিক ও গণশিক্ষা	#BobbyHajjajLive #breakingnews #channelonelive #channel1	   ববি হাজ্জাজ লাইভ | প্রাথমিক ও গণশিক্ষা প্রতিমন্ত্রী | প্রাথমিক ও গণশিক্ষা | সরাসরি নিউজ লাইভ | বাংলাদেশ সংবাদ লাইভ | আজকের খবর লাইভ | ব্রেকিং নিউজ বাংলাদেশ | লাইভ নিউজ আপডেট | Bangladesh News Live Today | Breaking News Live Bangla | Live Broadcast Bangladesh | News Update Live 	ববি হাজ্জাজ, প্রাথমিক ও গণশিক্ষা প্রতিমন্ত্রী, প্রাথমিক ও গণশিক্ষা, সরাসরি সম্প্রচার, বাংলাদেশ নিউজ, লাইভ নিউজ, ব্রেকিং নিউজ, আজকের খবর, Live News Bangladesh, Breaking News, Bangla News Live, News Update, Live Broadcast
48	🔴 𝗟𝗜𝗩𝗘 কথা বলছেন সংস্কৃতি বিষয়ক প্রতিমন্ত্রী আলী নেওয়াজ মাহমুদ খায়েম	আলী নেওয়াজ মাহমুদ খায়েম	সংস্কৃতি বিষয়ক প্রতিমন্ত্রী	সংস্কৃতি বিষয়ক	#AliNewazMahmudKhayemLive #breakingnews #channelonelive #channel1	   আলী নেওয়াজ মাহমুদ খায়েম লাইভ | সংস্কৃতি বিষয়ক প্রতিমন্ত্রী | সংস্কৃতি বিষয়ক | সরাসরি নিউজ লাইভ | বাংলাদেশ সংবাদ লাইভ | আজকের খবর লাইভ | ব্রেকিং নিউজ বাংলাদেশ | লাইভ নিউজ আপডেট | Bangladesh News Live Today | Breaking News Live Bangla | Live Broadcast Bangladesh | News Update Live 	আলী নেওয়াজ মাহমুদ খায়েম, সংস্কৃতি বিষয়ক প্রতিমন্ত্রী, সংস্কৃতি বিষয়ক, সরাসরি সম্প্রচার, বাংলাদেশ নিউজ, লাইভ নিউজ, ব্রেকিং নিউজ, আজকের খবর, Live News Bangladesh, Breaking News, Bangla News Live, News Update, Live Broadcast
49	🔴 𝗟𝗜𝗩𝗘 কথা বলছেন যুব ও ক্রীড়া প্রতিমন্ত্রী মো. আমিনুল হক	মো. আমিনুল হক	যুব ও ক্রীড়া প্রতিমন্ত্রী	যুব ও ক্রীড়া	#AminulHaqueLive #breakingnews #channelonelive #channel1	   মো. আমিনুল হক লাইভ | যুব ও ক্রীড়া প্রতিমন্ত্রী | যুব ও ক্রীড়া | সরাসরি নিউজ লাইভ | বাংলাদেশ সংবাদ লাইভ | আজকের খবর লাইভ | ব্রেকিং নিউজ বাংলাদেশ | লাইভ নিউজ আপডেট | Bangladesh News Live Today | Breaking News Live Bangla | Live Broadcast Bangladesh | News Update Live 	মো. আমিনুল হক, যুব ও ক্রীড়া প্রতিমন্ত্রী, যুব ও ক্রীড়া, সরাসরি সম্প্রচার, বাংলাদেশ নিউজ, লাইভ নিউজ, ব্রেকিং নিউজ, আজকের খবর, Live News Bangladesh, Breaking News, Bangla News Live, News Update, Live Broadcast